parameter;process;inputs;outputs
default;hea_cts_combustion_cc_biodiesel_1;biodiesel;CTS_space_heat_exo,elec_ren
default;hea_cts_combustion_cc_gas_1;biogas,natgas,SNG_ren,SNG_conv;CTS_space_heat_exo,elec_ren,elec_conv
default;hea_cts_combustion_fuelcell_mcfc_gas_1;biogas,natgas,SNG_ren,SNG_conv;CTS_space_heat_exo,elec_ren,elec_conv
default;hea_cts_combustion_fuelcell_pemfc_hydrogen_1;hydrogen_ren,hydrogen_conv;CTS_space_heat_exo,elec_ren,elec_conv
default;hea_cts_combustion_fuelcell_sofc_gas_1;biogas,natgas,SNG_ren,SNG_conv;CTS_space_heat_exo,elec_ren,elec_conv
default;hea_cts_combustion_fuelcell_sofc_hydrogen_1;hydrogen_ren,hydrogen_conv;CTS_space_heat_exo,elec_ren,elec_conv
default;hea_cts_cooling_aircon_room_1;elec_ren,elec_conv;CTS_space_cooling_exo
default;hea_cts_cooling_centralized_1;elec_ren,elec_conv;CTS_space_cooling_exo
default;hea_cts_cooling_fan_0;elec_ren,elec_conv;CTS_space_cooling_exo
default;hea_cts_cooling_fan_1;elec_ren,elec_conv;CTS_space_cooling_exo
default;hea_cts_cooling_hp_abs_gas_1;biogas,natgas,SNG_ren,SNG_conv;CTS_space_cooling_exo
default;hea_cts_cooling_hp_abs_hth_1;district_heat_HTH;CTS_space_cooling_exo
default;hea_cts_cooling_hp_abs_hydrogen_1;hydrogen_ren,hydrogen_conv;CTS_space_cooling_exo
default;hea_cts_cooling_hp_abs_lth_1;district_heat_LTH;CTS_space_cooling_exo
default;hea_cts_cooling_hp_abs_solar_1;solar_radiation,elec_ren,elec_conv;CTS_space_cooling_exo
default;hea_cts_cooling_hp_ads_gas_1;biogas,natgas,SNG_ren,SNG_conv;CTS_space_cooling_exo
default;hea_cts_heat_exchanger_hth_0;district_heat_HTH;CTS_space_heat_exo
default;hea_cts_heat_exchanger_hth_1;district_heat_HT;CTS_space_heat_exo,CTS_hot_water_exo
default;hea_cts_heat_exchanger_lth_0;district_heat_LTH;CTS_space_heat_exo
default;hea_cts_heat_exchanger_lth_1;district_heat_LT;CTS_space_heat_exo,CTS_hot_water_exo
default;hea_cts_heater_boil_biomass_0;biomass;CTS_space_heat_exo,CTS_cooling_exo
default;hea_cts_heater_boil_biomass_1;biomass;CTS_space_heat_exo
default;hea_cts_heater_boil_cd_biodiesel_1;biodiesel;CTS_space_heat_exo
default;hea_cts_heater_boil_cd_gas_0;natgas;CTS_space_heat_exo,CTS_hot_water_exo
default;hea_cts_heater_boil_cd_gas_1;biogas,natgas,SNG_ren,SNG_conv;CTS_space_heat_exo
default;hea_cts_heater_boil_cd_hydrogen_1;hydrogen_ren,hydrogen_conv;CTS_space_heat_exo,CTS_hot_water_exo
;hea_cts_heater_boil_cd_hydrogen_1;hydrogen;exo_CTS_space_heat
;hea_cts_heater_boil_cd_hydrogen_1;hydrogen;exo_CTS_hot_water
default;hea_cts_heater_boil_cd_oil_0;heating_oil;CTS_space_heat_exo,CTS_hot_water_exo
default;hea_cts_heater_boil_et_dual_0;elec_ren,elec_conv;CTS_space_heat_exo,CTS_hot_water_exo
default;hea_cts_heater_boil_hydrogen_1;hydrogen_ren,hydrogen_conv;CTS_space_heat_exo,CTS_hot_water_exo
default;hea_cts_heater_hp_ads_dual_gas_1;biogas,natgas,SNG_ren,SNG_conv,env_heat;CTS_space_heat_exo,CTS_hot_water_exo
default;hea_cts_heater_hp_ads_dual_hydrogen_1;hydrogen_ren,hydrogen_conv,env_heat ;CTS_space_heat_exo,CTS_hot_water_exo
default;hea_cts_heater_hp_ads_gas_0;natgas,env_heat;CTS_space_heat_exo,CTS_space_cooling_exo
default;hea_cts_heater_hp_ads_hydrogen_1;hydrogen_ren,hydrogen_conv,env_heat ;CTS_space_heat_exo,CTS_space_cooling_exo
default;hea_cts_heater_hp_adsgas_1;biogas,natgas,SNG_ren,SNG_conv,env_heat;CTS_space_heat_exo,CTS_space_cooling_exo
default;hea_cts_heater_hp_air_0;elec_ren,elec_conv,env_heat;CTS_space_heat_exo,CTS_cooling_exo
default;hea_cts_heater_hp_air_1;elec_ren,elec_conv,env_heat;CTS_space_heat_exo,CTS_space_cooling_exo
default;hea_cts_heater_hp_air_dual_1;elec_ren,elec_conv,env_heat;CTS_space_heat_exo,CTS_hot_water_exo
default;hea_cts_heater_hp_gro_0;elec_ren,elec_conv,geothermal_heat;CTS_space_heat_exo,CTS_cooling_exo
default;hea_cts_heater_hp_gro_1;elec_ren,elec_conv,geothermal_heat;CTS_space_heat_exo,CTS_space_cooling_exo
default;hea_cts_heater_hp_gro_dual_1;elec_ren,elec_conv,geothermal_heat;CTS_space_heat_exo,CTS_hot_water_exo
default;hea_cts_heater_soco_1,hea_cts_heater_boil_cd_gas_1;solar_radiation,biogas,natgas,SNG_ren,SNG_conv;CTS_space_heat_exo,CTS_hot_water_exo
default;hea_cts_heater_soco_1,hea_cts_heater_boil_et_1;solar_radiation,elec_ren,elec_conv;CTS_space_heat_exo,CTS_hot_water_exo
default;hea_cts_heater_stov_gas_0;natgas;CTS_space_heat_exo
default;hea_cts_refrigerator_abs;heat;CTS_proc_cooling
default;hea_cts_refrigerator_ads;heat;CTS_proc_cooling
default;hea_cts_refrigerator_compr;elec_ren,elec_conv,env_heat;CTS_proc_cooling
default;hea_cts_water_heating_boil_et_1;elec_ren,elec_conv;CTS_hot_water_exo
default;hea_cts_water_heating_soco_1,hea_cts_water_heating_boil_et_1;solar_radiation,elec_ren,elec_conv;CTS_hot_water_exo
default;hea_cts_water_heating_soco_1,hea_cts_waterheating_boil_cd_gas_1;solar_radiation,biogas,natgas,SNG_ren,SNG_conv;CTS_hot_water_exo
default;hea_distribution_district_heating_hth_0;district_heat_dis;district_heat_HTH
default;hea_distribution_district_heating_hth_1;district_heat_dis;district_heat_HTH
default;hea_distribution_district_heating_lth_0;district_heat_dis;district_heat_LTH
default;hea_distribution_district_heating_lth_1;district_heat_dis;district_heat_LTH
default;hea_hh_cooling_absorption_heatpump_cooling_gas_1;biogas,natgas,SNG_ren,SNG_conv;HH_space_cooling_exo
default;hea_hh_cooling_centralized_air_con_0;elec_ren,elec_conv;HH_space_cooling_exo
default;hea_hh_cooling_centralized_air_con_1;elec_ren,elec_conv;HH_space_cooling_exo
default;hea_hh_cooling_hp_ads_gas_0;biogas,natgas,SNG_ren,SNG_conv;HH_space_cooling_exo
default;hea_hh_cooling_portable_air_con_0;elec_ren,elec_conv;HH_space_cooling_exo
default;hea_hh_cooling_room_air_con_1;elec_ren,elec_conv;HH_space_cooling_exo
default;hea_hh_cooling_splits_0;elec_ren,elec_conv;HH_space_cooling_exo
default;hea_hh_heat_exchanger_hth_0;district_heat_HTH;HH_space_heat_exo,HH_hot_water_exo
default;hea_hh_heat_exchanger_hth_1;district_heat_HTH;HH_space_heat_exo,HH_hot_water_exo
default;hea_hh_heat_exchanger_lth_0;district_heat_LTH;HH_space_heat_exo,HH_hot_water_exo
default;hea_hh_heat_exchanger_lth_1;district_heat_LTH;HH_space_heat_exo,HH_hot_water_exo
default;hea_hh_heater_boil_cd_biodiesel_1;biodiesel;HH_space_heat_exo,HH_hot_water_exo
default;hea_hh_heater_boil_cd_gas_0;natgas;HH_space_heat_exo,HH_hot_water_exo
default;hea_hh_heater_boil_cd_gas_1;biogas,natgas,SNG_ren,SNG_conv;HH_space_heat_exo,HH_hot_water_exo
default;hea_hh_heater_boil_cd_hydrogen_1;hydrogen_ren,hydrogen_conv;HH_space_heat_exo,HH_hot_water_exo
default;hea_hh_heater_boil_dual_biomass_0;biomass;HH_space_heat_exo,HH_hot_water_exo
default;hea_hh_heater_boil_dual_biomass_1;biomass;HH_space_heat_exo,HH_hot_water_exo
default;hea_hh_heater_boil_dual_gas_0;natgas;HH_space_heat_exo,HH_hot_water_exo
default;hea_hh_heater_boil_dual_oil_0;heating_oil;HH_space_heat_exo,HH_hot_water_exo
default;hea_hh_heater_boil_et_dual_0;elec_ren,elec_conv;HH_space_heat_exo,HH_hot_water_exo
default;hea_hh_heater_boil_et_mono_0;elec_ren,elec_conv;HH_space_heat_exo
default;hea_hh_heater_boil_mono_gas_0;natgas;HH_space_heat_exo
default;hea_hh_heater_boil_mono_oil_0;heating_oil;HH_space_heat_exo
default;hea_hh_heater_et_boil_mono_1;elec_ren,elec_conv;HH_space_heat_exo
default;hea_hh_heater_hp_air_1;elec_ren,elec_conv,env_heat;HH_space_heat_exo,HH_space_cooling_exo
default;hea_hh_heater_hp_air_dual_0;elec_ren,elec_conv,env_heat;HH_space_heat_exo,HH_hot_water_exo
default;hea_hh_heater_hp_dual_air_1;elec_ren,elec_conv,env_heat;HH_space_heat_exo,HH_hot_water_exo
default;hea_hh_heater_hp_dual_gas_1;biogas,natgas,SNG_ren,SNG_conv ,env_heat;HH_space_heat_exo,HH_hot_water_exo
default;hea_hh_heater_hp_gas_0;natgas;HH_space_heat_exo,HH_space_cooling_exo
default;hea_hh_heater_hp_gas_1;biogas,natgas,SNG_ren,SNG_conv ,env_heat;HH_space_heat_exo,HH_space_cooling_exo
default;hea_hh_heater_hp_gro_1;elec_ren,elec_conv,geothermal_heat;HH_space_heat_exo,HH_space_cooling_exo
default;hea_hh_heater_hp_gro_dual_0;elec_ren,elec_conv,geothermal_heat;HH_space_heat_exo,HH_hot_water_exo
default;hea_hh_heater_hp_gro_dual_1;elec_ren,elec_conv,geothermal_heat;HH_space_heat_exo,HH_hot_water_exo
default;hea_hh_heater_soco_1,hea_hh_heater_boil_biomass_1;solar_radiation,biomass;HH_space_heat_exo,HH_hot_water_exo
default;hea_hh_heater_soco_1,hea_hh_heater_boil_cd_gas_1;solar_radiation,biogas,natgas,SNG_ren,SNG_conv;HH_space_heat_exo,HH_hot_water_exo
default;hea_hh_heater_soco_1,hea_hh_heater_boil_et_1;solar_radiation,elec_ren,elec_conv;HH_space_heat_exo,HH_hot_water_exo
default;hea_hh_heater_stov_wood_0;biomass;HH_space_heat_exo
default;hea_hh_heater_stov_wood_1;biomass;HH_space_heat_exo
default;hea_hh_water_heating_boil_et_1;elec_ren,elec_conv;HH_hot_water_exo
default;hea_main_distribution_district_heating_0;heat;district_heat_dis
default;hea_main_distribution_district_heating_1;heat;district_heat_dis
default;ind_aluminum_aluminabayer_0;elec,natgas;aluminum_alumina_mats
default;ind_aluminum_aluminabayer_1;elec,natgas,hydrogen,SNG;aluminum_alumina_mats
default;ind_aluminum_pri_0;elec,natgas,aluminum_alumina_mats;aluminum_exo
default;ind_aluminum_pri_1;elec,natgas,hydrogen,SNG,aluminum_alumina_mats;aluminum_exo
default;ind_aluminum_sec_0;elec,natgas,aluminum_scrap_mats;aluminum_exo
default;ind_aluminum_sec_1;elec,natgas,hydrogen,SNG,aluminum_scrap_mats;aluminum_exo
default;ind_ammonia_alkaline-electrolysis_1;chemical_alkaline-solution_mats,elec;chemical_H2_mats
default;ind_ammonia_haber-bosch_0;chemical_H2_mats,chemical_N2_mats,HTH;chemical_Ammonia_exo,heat_waste_ind
default;ind_ammonia_methane-pyrolysis_1;chemical_natgas_mats,elec;chemical_H2_mats
default;ind_ammonia_protonexchangemembrane_1;chemical_H2O_mats,elec;chemical_H2_mats
default;ind_ammonia_smr_0;chemical_natgas_mats,steam,natgas;chemical_syngas_mats,CO2_p,CO2_f,CH4_f,N2O_f
default;ind_bev_body_shop_0;elec,automobile_Parts-BEV_mats;automobile_assembled-body-BEV_mats
default;ind_bev_body_shop_1;elec,automobile_Parts-BEV_mats;automobile_assembled-body-BEV_mats
default;ind_bev_final_assembly_0;elec,natgas,automobile_painted-body-BEV_mats;automobile_BEV_exo,CO2_f,CH4_f,N2O_f
default;ind_bev_final_assembly_0;elec,natgas,automobile_painted-body-FCEV_mats;automobile_BEV_exo,CO2_f,CH4_f,N2O_f
default;ind_bev_final_assembly_0;elec,natgas,automobile_painted-body-CV_ind;automobile_CV_exo,CO2_f,CH4_f,N2O_f
default;ind_bev_paint_shop_0;elec,natgas,automobile_assembled-body-BEV_mats;automobile_painted-body-BEV_mats,CO2_f,CH4_f,N2O_f
default;ind_bev_paint_shop_1;elec,natgas,automobile_assembled-body-BEV_mats;automobile_painted-body-BEV_mats,CO2_f,CH4_f,N2O_f
default;ind_bev_parts_production_0;natgas,elec,coal,heavy_fuel_oil;automobile_Parts-BEV_mats,CO2_f,CH4_f,N2O_f
default;ind_btx_mta_1;chemical_methanol_mats,HTH;chemical_BTX_exo
default;ind_btx_steam-cracking_0;chemical_naptha_mats,HTH,steam;chemical_BTX_exo
default;ind_cement_finish_0;elec,cement_additives_mats,cement_clinker_mats;cement_exo
default;ind_cement_finish_1;elec,cement_additives_mats,cement_clinker_mats,cement_alternative_mats;cement_exo
default;ind_cement_novel_1;natgas,hydrogen,SNG,,biomass,waste,sludge,elec,cement_rawmeal_mats;cement_novelraw_mats
default;ind_cement_novelfinish_1;elec,cement_additives_mats,cement_novelraw_mats;cement_exo
default;ind_cement_rawmats_0;elec,cement_raw_mats;cement_rawmeal_mats
default;ind_cement_rawmats_1;elec,cement_raw_mats;cement_rawmeal_mats
default;ind_cement_rk_0;coal,coke,coke_oven_gas,heavy_fuel_oil,natgas,biomass,waste,sludge,elec,cement_rawmeal_mats;cement_clinker_mats,CO2p,CO2f,CH4f,N2Of
default;ind_cement_rk_1;coal,coke,coke_oven_gas,heavy_fuel_oil,natgas,hydrogen,SNG,biomass,waste,sludge,elec,cement_rawmeal_mats;cement_clinker_mats,CO2p,CO2f,CH4f,N2Of
default;ind_cement_rk_ccs_1;coal,coke,coke_oven_gas,heavy_fuel_oil,natgas,hydrogen,SNG,biomass,waste,sludge,elec,cement_rawmeal_mats;cement_clinker_mats,CO2p,CO2f,CH4f,N2Of
default;ind_chlorine_diaphragm-process_0;chemical_NaCl_mats,elec;chemical_chlorine_exo
default;ind_chlorine_membrane-process_0;chemical_NaCl_mats,elec;chemical_chlorine_exo,H2
default;ind_copper_pri_0;elec,natgas;copper_exo
default;ind_copper_pri_1;elec,natgas,hydrogen,SNG;copper_exo
default;ind_copper_sec_0;elec,natgas,copper_scrap_mats;copper_exo
default;ind_copper_sec_1;elec,natgas,hydrogen,SNG,copper_scrap_mats;copper_exo
default;ind_cv_body_shop_0;elec,automobile_Parts-CV_mats;automobile_assembled-body-CV_mats
default;ind_cv_body_shop_1;elec,automobile_Parts-CV_mats;automobile_assembled-body-CV_mats
default;ind_cv_paint_shop_0;elec,natgas,automobile_assembled-body-CV_mats;automobile_painted-body-CV_mats,CO2_f,CH4_f,N2O_f
default;ind_cv_paint_shop_1;elec,natgas,automobile_assembled-body-CV_mats;automobile_painted_body-CV_mats,CO2_f,CH4_f,N2O_f
default;ind_cv_parts_production_0;natgas,elec;automobile_Parts-CV_mats,CO2_f,CH4_f,N2O_f
default;ind_fcev_body_shop_0;elec,automobile_Parts-FCEV_mats;automobile_assembled-body-FCEV_mats
default;ind_fcev_body_shop_1;elec,automobile_Parts-FCEV_mats;automobile_assembled-body-FCEV_mats
default;ind_fcev_paint_shop_0;elec,natgas,automobile_assembled-body-FCEV_mats;automobile_painted-body-FCEV_mats,CO2_f,CH4_f,N2O_f
default;ind_fcev_paint_shop_1;elec,natgas,automobile_assembled-body-FCEV_mats;automobile_painted-body-FCEV_mats,CO2_f,CH4_f,N2O_f
default;ind_fcev_parts_production_0;natgas,elec,coal,heavy_fuel_oil;automobile_Parts_FCEV-mats,CO2_f,CH4_f,N2O_f
default;ind_glass_cont_batchplant_0;biogas,natgas,elec,glass_cont_raw_mats;glass_cont_batch_mats,CO2f,CH4f,N2Of
default;ind_glass_cont_batchplant_1;biogas,natgas,elec,glass_cont_raw_mats;glass_cont_batch_mats,CO2f,CH4f,N2Of
default;ind_glass_cont_forming_0;elec,glass_cont_melt_mats;glass_cont_exo
default;ind_glass_cont_forming_1;elec,glass_cont_melt_mats;glass_cont_exo
default;ind_glass_cont_fulle_1;elec,glass_cont_batch_mats,glass_cont_cullet_mats;glass_cont_melt_mats,waste_heat_ind,CO2p
default;ind_glass_cont_oxyf_1;biogas,natgas,biogas,SNG,elec,glass_cont_batch_mats,glass_cont_cullet_mats;glass_cont_melt_mats,waste_heat_ind,CO2p,CO2f,CH4f,N2Of
default;ind_glass_cont_oxyh_1;hydrogen,elec,glass_cont_batch_mats,glass_cont_cullet_mats;glass_cont_melt_mats,waste_heat_ind,CO2p
default;ind_glass_cont_recu_0;biogas,natgas,biogas,SNG,elec,glass_cont_batch_mats,glass_cont_cullet_mats;glass_cont_melt_mats,waste_heat_ind,CO2p,CO2f,CH4f,N2Of
default;ind_glass_cont_recu_1;biogas,natgas,biogas,SNG,elec,glass_cont_batch_mats,glass_cont_cullet_mats;glass_cont_melt_mats,waste_heat_ind,CO2p,CO2f,CH4f,N2Of
default;ind_glass_cont_rege_0;biogas,natgas,biogas,SNG,elec,glass_cont_batch_mats,glass_cont_cullet_mats;glass_cont_melt_mats,waste_heat_ind,CO2p,CO2f,CH4f,N2Of
default;ind_glass_cont_rege_1;biogas,natgas,biogas,SNG,elec,glass_cont_batch_mats,glass_cont_cullet_mats;glass_cont_melt_mats,waste_heat_ind,CO2p,CO2f,CH4f,N2Of
default;ind_glass_fibe_0;biogas,natgas,elec;glass_fibe_exo,CO2f,CH4f,N2Of
default;ind_glass_fibe_1;biogas,hydrogen,natgas,SNG,elec;glass_fibe_exo,CO2f,CH4f,N2Of
default;ind_glass_flat_batchplant_0;biogas,natgas,elec,glass_flat_raw_mats;glass_flat_batch_mats,CO2f,CH4f,N2Of
default;ind_glass_flat_batchplant_1;biogas,natgas,elec,glass_flat_raw_mats;glass_flat_batch_mats,CO2f,CH4f,N2Of
default;ind_glass_flat_forming_0;elec,glass_flat_melt_mats;glass_flat_exo
default;ind_glass_flat_forming_1;elec,glass_flat_melt_mats;glass_flat_exo
default;ind_glass_flat_fulle_1;elec,glass_flat_batch_mats;glass_flat_melt_mats,waste_heat_ind,CO2p
default;ind_glass_flat_oxyf_1;biogas,natgas,biogas,SNG,elec,glass_flat_batch_mats;glass_flat_melt_mats,waste_heat_ind,CO2p,CO2f,CH4f,N2Of
default;ind_glass_flat_oxyh_1;hydrogen,elec,glass_flat_batch_mats;glass_flat_melt_mats,waste_heat_ind,CO2p
default;ind_glass_flat_rege_0;biogas,natgas,biogas,SNG,elec,glass_flat_batch_mats;glass_flat_melt_mats,waste_heat_ind,CO2p,CO2f,CH4f,N2Of
default;ind_glass_flat_rege_1;biogas,natgas,biogas,SNG,elec,glass_flat_batch_mats;glass_flat_melt_mats,waste_heat_ind,CO2p,CO2f,CH4f,N2Of
default;ind_glass_spec_0;biogas,natgas,elec;glass_spec_exo,CO2f,CH4f,N2Of
default;ind_glass_spec_1;biogas,hydrogen,natgas,SNG,elec;glass_spec_exo,CO2f,CH4f,N2Of
default;ind_icev_body_shop_0;elec,automobile_Parts-ICEV_mats;automobile_assembled-body-ICEV_mats
default;ind_icev_body_shop_1;elec,automobile_Parts-ICEV_mats;automobile_assembled-body-ICEV_mats
default;ind_icev_final_assembly_0;elec,natgas,automobile_painted-body-ICEV_mats;automobile_ICEV_exo,CO2_f,CH4_f,N2O_f
default;ind_icev_paint_shop_0;elec,natgas,automobile_assembled-body-ICEV_mats;automobile_painted-body-ICEV_mats,CO2_f,CH4_f,N2O_f
default;ind_icev_paint_shop_1;elec,natgas,automobile_assembled-body-ICEV_mats;automobile_painted-body-ICEV_mats,CO2_f,CH4_f,N2O_f
default;ind_icev_parts_production_0;natgas,elec,coal,heavy_fuel_oil;automobile_Parts-ICEV_mats,CO2_f,CH4_f,N2O_f
default;ind_methanol_alkaline-electrolysis_1;chemical_alkaline-solution_mats,elec;chemical_H2_mats
default;ind_methanol_biomass-gassification_1;chemical_biomass_mats,chemical_O2_mats,steam;chemical_syngas_mats,CO2_p
default;ind_methanol_methane-pyrolysis_1;chemical_natgas_mats,elec;chemical_H2_mats
default;ind_methanol_proton-exchange-membrane_1;chemical_H2O_mats,elec;chemical_H2_mats
default;ind_methanol_smr_0;chemical_natgas_mats,steam,natgas;chemical_syngas_mats,CO2_p,CO2_f,CH4_f,N2O_f
default;ind_methanol_synthesis_0;chemical_syngas_mats,chemical_CO2_mats;chemical_Methanol_exo
default;ind_olifins_electric-cracking_1;chemical_naptha_mats,elec,steam;chemical_olifins_exo
default;ind_olifins_mto_1;chemical_methanol_mats,HTH;chemical_olifins_exo
default;ind_olifins_steam-cracking_0;chemical_naptha_mats,HTH,steam;chemical_olifins_exo,CO2_p
default;ind_olifins_steam-cracking_0;chemical_oil_mats,HTH,steam;chemical_olifins_exo,CO2_p
default;ind_paper_hchem_finish_0;elec,natgas,high_temperature_heat,LPG,paper_hq_pulp_mats,paper_hq_recycle_mats;paper_hq_exo
default;ind_paper_hchem_finish_1;elec,natgas,high_temperature_heat_,LPG,paper_hq_pulp_mats,paper_hq_recycle_mats;paper_hq_exo
default;ind_paper_hchem_pulp_0;elec,high_temperature_heat;paper_hq_pulp_mats,black_liquor
default;ind_paper_hchem_pulp_1;elec,high_temperature_heat;paper_hq_pulp_mats,black_liquor
default;ind_paper_lchem_finish_0;elec,natgas,high_temperature_heat,LPG,paper_lq_pulp_mats,paper_lq_recycle_mats;paper_lq_exo
default;ind_paper_lchem_finish_1;elec,natgas,high_temperature_heat,LPG,paper_lq_pulp_mats,paper_lq_recycle_mats;paper_lq_exo
default;ind_paper_lchem_pulp_0;elec,high_temperature_heat;paper_lq_pulp_mats,black_liquor
default;ind_paper_lchem_pulp_1;elec,high_temperature_heat;paper_lq_pulp_mats,black_liquor
default;ind_paper_lmech_finish_0;elec,low_quality_pulp_mats;paper_lq_exo
default;ind_paper_lmech_finish_1;elec,low_quality_pulp_mats;paper_lq_exo
default;ind_paper_lmech_pulp_0;elec;low_quality_pulp_mats
default;ind_paper_lmech_pulp_1;elec;low_quality_pulp_mats
default;ind_phev_body_shop_0;elec,automobile_Parts-PHEV_mats;automobile_assembled-body-PHEV_mats
default;ind_phev_body_shop_1;elec,automobile_Parts-PHEV_mats;automobile_assembled-body-PHEV_mats
default;ind_phev_final_assembly_0;elec,natgas,automobile_painted-body-PHEV_mats;automobile_PHEV_exo,CO2_f,CH4_f,N2O_f
default;ind_phev_paint_shop_0;elec,natgas,automobile_assembled-body-PHEV_mats;automobile_painted-body-PHEV_mats,CO2_f,CH4_f,N2O_f
default;ind_phev_paint_shop_1;elec,natgas,automobile_assembled-body-PHEV_mats;automobile_painted-body-PHEV_mats,CO2_f,CH4_f,N2O_f
default;ind_phev_parts_production_0;natgas,elec,coal,heavy_fuel_oil;automobile_Parts-PHEV_mats,CO2_f,CH4_f,N2O_f
default;ind_steel_blafu_0;elec,natgas,coal,coke,heavy_fuel_oil,steel_sinter_mats;steel_raw_iron_mats,blafu_gas,steel_blafu_slag_mats,CO2f,CH4f,N2Of
default;ind_steel_blafu_1;elec,natgas,hydrogen,SNG,coal,coke,heavy_fuel_oil,steel_sinter_mats;steel_raw_iron_mats,blafu_gas,steel_blafu_slag_mats,CO2f,CH4f,N2Of
default;ind_steel_blafu_ccs_1;elec,natgas,hydrogen,SNG,coal,coke,heavy_fuel_oil,steel_sinter_mats;steel_raw_iron_mats,blafu_gas,steel_blafu_slag_mats,CO2f,CH4f,N2Of
default;ind_steel_casting_0;elec,natgas,coke_oven_gas,steel_crudesteel_mats;steel_exo,CO2f,CH4f,N2Of
default;ind_steel_casting_1;elec,natgas,hydrogen,SNG,coke_oven_gas,steel_crudesteel_mats;steel_exo,CO2f,CH4f,N2Of
default;ind_steel_dirred_0;elec,natgas,hydrogen,SNG,steel_oxygen_mats,steel_sponge_iron_mats,steel_scrap_mats;steel_crudesteel_mats,CO2f,CH4f,N2Of
default;ind_steel_dirred_1;elec,natgas,hydrogen,SNG,steel_oxygen_mats,steel_sponge_iron_mats,steel_scrap_mats;steel_crudesteel_mats,CO2f,CH4f,N2Of
default;ind_steel_dirred_ccs_1;elec,natgas,hydrogen,SNG,steel_oxygen_mats,steel_sponge_iron_mats,steel_scrap_mats;steel_crudesteel_mats,CO2f,CH4f,N2Of
default;ind_steel_elefu_0;elec,natgas,steel_oxygen_mats,steel_scrap_mats;steel_crudesteel_mats,CO2f,CH4f,N2Of
default;ind_steel_elefu_1;elec,natgas,hydrogen,SNG,steel_oxygen_mats,steel_scrap_mats;steel_crudesteel_mats,CO2f,CH4f,N2Of
default;ind_steel_hyddri_1;elec,hydrogen,steel_oxygen_mats,steel_sponge_iron_mats,steel_scrap_mats;steel_crudesteel_mats
default;ind_steel_oxyfu_0;elec,natgas,steel_oxygen_mats,steel_raw_iron_mats,steel_scrap_iron_mats;steel_crudesteel_mats,CO2f,CH4f,N2Of
default;ind_steel_oxyfu_1;elec,natgas,hydrogen,SNG,steel_oxygen_mats,steel_raw_iron_mats,steel_scrap_iron_mats;steel_crudesteel_mats,CO2f,CH4f,N2Of
default;ind_steel_pellet_0;elec,coke,steel_iron_ore_mats;steel_iron_pellets_mats,CO2f,CH4f,N2Of
default;ind_steel_pellet_1;elec,coke,steel_iron_ore_mats;steel_iron_pellets_mats,CO2f,CH4f,N2Of
default;ind_steel_sinter_0;elec,natgas,coal,steel_iron_ore_mats;steel_sinter_mats,CO2f,CH4f,N2Of
default;ind_steel_sinter_1;elec,natgas,hydrogen,SNG,coal,steel_iron_ore_mats;steel_sinter_mats,CO2f,CH4f,N2Of
default;ind_steel_sponge_0;elec,natgas,steel_iron_ore_mats,steel_iron_pellets_mats;steel_sponge_iron_mats,CO2f,CH4f,N2Of
default;ind_steel_sponge_1;elec,natgas,hydrogen,SNG,steel_iron_ore_mats,steel_iron_pellets_mats;steel_sponge_iron_mats,CO2f,CH4f,N2Of
default;mob_air_fcev_pass_ag;hydrogen_ren,hydrogen_conv;pkm_air_exo
default;mob_air_fcev_pass_europ;hydrogen_ren,hydrogen_conv;pkm_air_europ_exo
default;mob_air_fcev_pass_natio;hydrogen_ren,hydrogen_conv;pkm_air_natio_exo
default;mob_air_hyb_pass_europ_hydrogen;"elec_ren,elec_conv,kerosene;synkerosene_ren,synkerosene_conv,biojet";pkm_air_europ_exo,CO2
default;mob_air_hyb_pass_hydrogen_ag;"elec_ren,elec_conv,kerosene;synkerosene_ren,synkerosene_conv,biojet";pkm_air_exo
default;mob_air_hyb_pass_natio_hydrogen;"elec_ren,elec_conv,kerosene;synkerosene_ren,synkerosene_conv,biojet";pkm_air_natio_exo,CO2
default;mob_air_ice_pass_europ_kerosene;"kerosene;synkerosene_ren,synkerosene_conv,biojet";pkm_air_europ_exo,CO2
default;mob_air_ice_pass_inter_kerosene;"kerosene;synkerosene_ren,synkerosene_conv,biojet";pkm_air_inter_exo,CO2
default;mob_air_ice_pass_kerosene_ag;"kerosene;synkerosene_ren,synkerosene_conv,biojet";pkm_air_exo,CO2
default;mob_air_ice_pass_natio_kerosene;"kerosene;synkerosene_ren,synkerosene_conv,biojet";pkm_air_natio_exo,CO2
default;mob_rail_bev_pass_ag;elec_ren,elec_conv;pkm_rail_exo
default;mob_rail_bev_pass_long;elec_ren,elec_conv;pkm_rail_long_exo
default;mob_rail_bev_pass_short;elec_ren,elec_conv;pkm_rail_short_exo
default;mob_rail_fcev_frei_ag;hydrogen_ren,hydrogen_conv;tkm_rail_exo
default;mob_rail_fcev_frei_long;hydrogen_ren,hydrogen_conv;tkm_rail_long_exo
default;mob_rail_fcev_frei_short;hydrogen_ren,hydrogen_conv;tkm_rail_short_exo
default;mob_rail_fcev_pass_ag;hydrogen_ren,hydrogen_conv;pkm_rail_exo
default;mob_rail_fcev_pass_long;hydrogen_ren,hydrogen_conv;pkm_rail_long_exo
default;mob_rail_fcev_pass_short;hydrogen_ren,hydrogen_conv;pkm_rail_short_exo
default;mob_rail_hyb_pass_ag;elec_ren,elec_conv,hydrogen_ren,hydrogen_conv,diesel,syndiesel_ren,syndiesel_conv,biodiesel;pkm_rail_exo,CO2
default;mob_rail_hyb_pass_short_diesel;elec_ren,elec_conv,diesel,syndiesel_ren,syndiesel_conv,biodiesel;pkm_rail_short_exo,CO2
default;mob_rail_hyb_pass_short_hydrogen;elec_ren,elec_conv,hydrogen_ren,hydrogen_conv;pkm_rail_short_exo
default;mob_rail_ice_frei_ag;;tkm_rail_exo,CO2
default;mob_rail_ice_frei_diesel_ag;diesel,syndiesel_ren,syndiesel_conv,biodiesel;tkm_rail_exo,CO2
default;mob_rail_ice_frei_ethanol_ag;ethanol,bioethanol;tkm_rail_exo,CO2
default;mob_rail_ice_frei_long_ammonia;ammonia_ren,ammonia_conv;tkm_rail_long_exo,CO2
default;mob_rail_ice_frei_long_diesel;diesel,syndiesel_ren,syndiesel_conv,biodiesel;tkm_rail_long_exo,CO2
default;mob_rail_ice_frei_long_ethanol;ethanol,bioethanol;tkm_rail_long_exo,CO2
default;mob_rail_ice_frei_short_ammonia;ammonia_ren,ammonia_conv;tkm_rail_short_exo,CO2
default;mob_rail_ice_frei_short_diesel;diesel,syndiesel_ren,syndiesel_conv,biodiesel;tkm_rail_short_exo,CO2
default;mob_rail_ice_frei_short_ethanol;ethanol,bioethanol;tkm_rail_short_exo,CO2
default;mob_rail_ice_pass_ag;;pkm_rail_exo,CO2
default;mob_rail_ice_pass_diesel_ag;diesel,syndiesel_ren,syndiesel_conv,biodiesel;pkm_rail_exo,CO2
default;mob_rail_ice_pass_ethanol_ag;ethanol,bioethanol;pkm_rail_exo,CO2
default;mob_rail_ice_pass_long_diesel;diesel,syndiesel_ren,syndiesel_conv,biodiesel;pkm_rail_long_exo,CO2
default;mob_rail_ice_pass_long_ethanol;ethanol,bioethanol;pkm_rail_long_exo,CO2
default;mob_rail_ice_pass_short_diesel;diesel,syndiesel_ren,syndiesel_conv,biodiesel;pkm_rail_short_exo,CO2
default;mob_rail_ice_pass_short_ethanol;ethanol,bioethanol;pkm_rail_short_exo,CO2
default;mob_rail_oev_frei_long;elec_ren,elec_conv;tkm_rail_long_exo
default;mob_rail_oev_pass_ag;elec_ren,elec_conv;pkm_rail_exo
default;mob_rail_oev_pass_long;elec_ren,elec_conv;pkm_rail_long_exo
default;mob_rail_oev_pass_short;elec_ren,elec_conv;pkm_rail_short_exo
default;mob_rail_steam_pass_coal;coal;pkm_rail_steam_exo,CO2
default;mob_road_bus_bev_pass_short;elec_ren,elec_conv;pkm_road_bus_exo
default;mob_road_bus_fcev_pass_ag;hydrogen_ren,hydrogen_conv;pkm_road_bus_exo
default;mob_road_bus_fcev_pass_long;hydrogen_ren,hydrogen_conv;pkm_road_bus_long_exo
default;mob_road_bus_fcev_pass_short;hydrogen_ren,hydrogen_conv;pkm_road_bus_exo
default;mob_road_bus_hyb_pass_ag;elec_ren,elec_conv,diesel,syndiesel_ren,syndiesel_conv,biodiesel,gasoline,syngasoline_ren,syngasoline_conv,biogasoline;pkm_road_bus_exo,CO2
default;mob_road_bus_hyb_pass_diesel_ag;elec_ren,elec_conv,diesel,syndiesel_ren,syndiesel_conv,biodiesel;pkm_road_bus_exo,CO2
default;mob_road_bus_hyb_pass_long_diesel;elec_ren,elec_conv,diesel,syndiesel_ren,syndiesel_conv,biodiesel;pkm_road_bus_long_exo,CO2
default;mob_road_bus_hyb_pass_short_diesel;elec_ren,elec_conv,diesel,syndiesel_ren,syndiesel_conv,biodiesel;pkm_road_bus_exo,CO2
default;mob_road_bus_ice_pass_diesel_ag;diesel,syndiesel_ren,syndiesel_conv,biodiesel;pkm_road_bus_exo,CO2
default;mob_road_bus_ice_pass_long_diesel;diesel,syndiesel_ren,syndiesel_conv,biodiesel;pkm_road_bus_long_exo,CO2
default;mob_road_bus_ice_pass_short_diesel;diesel,syndiesel_ren,syndiesel_conv,biodiesel;pkm_road_bus_exo,CO2
default;mob_road_car_bev_pass_ag;elec_ren,elec_conv;pkm_road_car_exo
default;mob_road_car_fcev_pass_ag;hydrogen_ren,hydrogen_conv;pkm_road_car_exo
default;mob_road_car_hyb_pass_ag;elec_ren,elec_conv,diesel,syndiesel_ren,syndiesel_conv,biodiesel,gasoline,syngasoline_ren,syngasoline_conv,biogasoline;pkm_road_car_exo,CO2
default;mob_road_car_hyb_pass_diesel_ag;diesel,syndiesel_ren,syndiesel_conv,biodiesel;pkm_road_car_exo,CO2
default;mob_road_car_hyb_pass_gasoline_ag;gasoline,syngasoline_ren,syngasoline_conv,biogasoline;pkm_road_car_exo,CO2
default;mob_road_car_ice_pass_ag;diesel,syndiesel_ren,syndiesel_conv,biodiesel,ethanol,bioethanol,hydrogen_ren,hydrogen_conv,CNG,LPG,gasoline,syngasoline_ren,syngasoline_conv,biogasoline,methanol,biomethanol;pkm_road_car_exo,CO2
default;mob_road_car_ice_pass_cng_ag;CNG;pkm_road_car_exo,CO2
default;mob_road_car_ice_pass_diesel_ag;diesel,syndiesel_ren,syndiesel_conv,biodiesel;pkm_road_car_exo,CO2
default;mob_road_car_ice_pass_ethanol_ag;ethanol,bioethanol;pkm_road_car_exo,CO2
default;mob_road_car_ice_pass_flex_ag;gasoline,ethanol,bioethanol;pkm_road_car_exo,CO2
default;mob_road_car_ice_pass_gasoline_ag;gasoline,syngasoline_ren,syngasoline_conv,biogasoline;pkm_road_car_exo,CO2
default;mob_road_car_ice_pass_hydrogen_ag;hydrogen_ren,hydrogen_conv;pkm_road_car_exo
default;mob_road_car_ice_pass_lpg_ag;LPG;pkm_road_car_exo,CO2
default;mob_road_car_ice_pass_methanol_ag;methanol,biomethanol;pkm_road_car_exo,CO2
default;mob_road_htruck_fcev_frei;hydrogen_ren,hydrogen_conv;tkm_road_htruck_short_exo,tkm_road_htruck_long_exo
default;mob_road_htruck_fcev_frei_ag;hydrogen_ren,hydrogen_conv,ammonia_ren,ammonia_conv;tkm_road_truck_exo,CO2
default;mob_road_htruck_fcev_frei_ammonia;ammonia_ren,ammonia_conv;tkm_road_htruck_short_exo,tkm_road_htruck_long_exo,CO2
default;mob_road_htruck_ice_frei_cng;CNG;tkm_road_htruck_short_exo,tkm_road_htruck_long_exo,CO2
default;mob_road_htruck_ice_frei_diesel;diesel,syndiesel_ren,syndiesel_conv,biodiesel;tkm_road_htruck_short_exo,tkm_road_htruck_long_exo,CO2
default;mob_road_htruck_ice_frei_ethanol;ethanol,bioethanol;tkm_road_htruck_short_exo,tkm_road_htruck_long_exo,CO2
default;mob_road_htruck_ice_frei_hydrogen;hydrogen_ren,hydrogen_conv;tkm_road_htruck_short_exo,tkm_road_htruck_long_exo
default;mob_road_htruck_ice_frei_lng;LNG;tkm_road_htruck_short_exo,tkm_road_htruck_long_exo,CO2
default;mob_road_htruck_oev_frei;elec_ren,elec_conv;tkm_road_htruck_long_exo
default;mob_road_lcar_bev_pass;elec_ren,elec_conv;pkm_road_lcar_short_exo,pkm_road_lcar_long_exo
default;mob_road_lcar_fcev_pass;hydrogen_ren,hydrogen_conv;pkm_road_lcar_short_exo,pkm_road_lcar_long_exo
default;mob_road_lcar_hyb_pass_diesel;elec_ren,elec_conv,diesel,syndiesel_ren,syndiesel_conv,biodiesel;pkm_road_lcar_short_exo,pkm_road_lcar_long_exo,CO2
default;mob_road_lcar_hyb_pass_gasoline;elec_ren,elec_conv,gasoline,syngasoline_ren,syngasoline_conv,biogasoline;pkm_road_lcar_short_exo,pkm_road_lcar_long_exo,CO2
default;mob_road_lcar_ice_pass_cng;CNG;pkm_road_lcar_short_exo,pkm_road_lcar_long_exo,CO2
default;mob_road_lcar_ice_pass_diesel;diesel,syndiesel_ren,syndiesel_conv,biodiesel;pkm_road_lcar_short_exo,pkm_road_lcar_long_exo,CO2
default;mob_road_lcar_ice_pass_ethanol;ethanol,bioethanol;pkm_road_lcar_short_exo,pkm_road_lcar_long_exo,CO2
default;mob_road_lcar_ice_pass_flex;gasoline,ethanol,bioethanol;pkm_road_lcar_short_exo,pkm_road_lcar_long_exo,CO2
default;mob_road_lcar_ice_pass_gasoline;gasoline,syngasoline_ren,syngasoline_conv,biogasoline;pkm_road_lcar_short_exo,pkm_road_lcar_long_exo,CO2
default;mob_road_lcar_ice_pass_hydrogen;hydrogen_ren,hydrogen_conv;pkm_road_lcar_short_exo,pkm_road_lcar_long_exo
default;mob_road_lcar_ice_pass_lpg;LPG;pkm_road_lcar_short_exo,pkm_road_lcar_long_exo,CO2
default;mob_road_lcar_ice_pass_methanol;methanol,biomethanol;pkm_road_lcar_short_exo,pkm_road_lcar_long_exo,CO2
default;mob_road_ltruck_bev_frei;elec_ren,elec_conv;tkm_road_ltruck_short_exo,tkm_road_ltruck_long_exo
default;mob_road_ltruck_fcev_frei;hydrogen_ren,hydrogen_conv;tkm_road_ltruck_short_exo,tkm_road_ltruck_long_exo
default;mob_road_ltruck_hyb_frei_ag;elec_ren,elec_conv,diesel,syndiesel_ren,syndiesel_conv,biodiesel,gasoline,syngasoline_ren,syngasoline_conv,biogasoline;tkm_road_truck_exo,CO2
default;mob_road_ltruck_hyb_frei_diesel;elec_ren,elec_conv,diesel,syndiesel_ren,syndiesel_conv,biodiesel;tkm_road_ltruck_short_exo,tkm_road_ltruck_long_exo,CO2
default;mob_road_ltruck_hyb_frei_gasoline;elec_ren,elec_conv,gasoline,syngasoline_ren,syngasoline_conv,biogasoline;tkm_road_ltruck_short_exo,tkm_road_ltruck_long_exo,CO2
default;mob_road_ltruck_ice_frei_cng;CNG;tkm_road_ltruck_short_exo,tkm_road_ltruck_long_exo,CO2
default;mob_road_ltruck_ice_frei_diesel;diesel,syndiesel_ren,syndiesel_conv,biodiesel;tkm_road_ltruck_short_exo,tkm_road_ltruck_long_exo,CO2
default;mob_road_ltruck_ice_frei_ethanol;ethanol,bioethanol;tkm_road_ltruck_short_exo,tkm_road_ltruck_long_exo,CO2
default;mob_road_ltruck_ice_frei_gasoline;gasoline,syngasoline_ren,syngasoline_conv,biogasoline;tkm_road_ltruck_short_exo,tkm_road_ltruck_long_exo,CO2
default;mob_road_ltruck_ice_frei_hydrogen;hydrogen_ren,hydrogen_conv;tkm_road_ltruck_short_exo,tkm_road_ltruck_long_exo
default;mob_road_ltruck_ice_frei_lng;LNG;tkm_road_ltruck_short_exo,tkm_road_ltruck_long_exo,CO2
default;mob_road_ltruck_ice_frei_lpg;LPG;tkm_road_ltruck_short_exo,tkm_road_ltruck_long_exo,CO2
default;mob_road_ltruck_ice_frei_methanol;methanol,biomethanol;tkm_road_ltruck_short_exo,tkm_road_ltruck_long_exo,CO2
default;mob_road_mcar_bev_pass;elec_ren,elec_conv;pkm_road_mcar_short_exo,pkm_road_mcar_long_exo
default;mob_road_mcar_fcev_pass;hydrogen_ren,hydrogen_conv;pkm_road_mcar_short_exo,pkm_road_mcar_long_exo
default;mob_road_mcar_hyb_pass_diesel;elec_ren,elec_conv,diesel,syndiesel_ren,syndiesel_conv,biodiesel;pkm_road_mcar_short_exo,pkm_road_mcar_long_exo,CO2
default;mob_road_mcar_hyb_pass_gasoline;elec_ren,elec_conv,gasoline,syngasoline_ren,syngasoline_conv,biogasoline;pkm_road_mcar_short_exo,pkm_road_mcar_long_exo,CO2
default;mob_road_mcar_ice_pass_cng;CNG;pkm_road_mcar_short_exo,pkm_road_mcar_long_exo,CO2
default;mob_road_mcar_ice_pass_diesel;diesel,syndiesel_ren,syndiesel_conv,biodiesel;pkm_road_mcar_short_exo,pkm_road_mcar_long_exo,CO2
default;mob_road_mcar_ice_pass_ethanol;ethanol,bioethanol;pkm_road_mcar_short_exo,pkm_road_mcar_long_exo,CO2
default;mob_road_mcar_ice_pass_flex;gasoline,ethanol,bioethanol;pkm_road_mcar_short_exo,pkm_road_mcar_long_exo,CO2
default;mob_road_mcar_ice_pass_gasoline;gasoline,syngasoline_ren,syngasoline_conv,biogasoline;pkm_road_mcar_short_exo,pkm_road_mcar_long_exo,CO2
default;mob_road_mcar_ice_pass_hydrogen;hydrogen_ren,hydrogen_conv;pkm_road_mcar_short_exo,pkm_road_mcar_long_exo
default;mob_road_mcar_ice_pass_lpg;LPG;pkm_road_mcar_short_exo,pkm_road_mcar_long_exo,CO2
default;mob_road_mcar_ice_pass_methanol;methanol,biomethanol;pkm_road_mcar_short_exo,pkm_road_mcar_long_exo,CO2
default;mob_road_motorc_bev_pass;elec_ren,elec_conv;pkm_road_motorc_short_exo,pkm_road_motorc_long_exo
default;mob_road_motorc_ice_pass_gasoline;gasoline,syngasoline_ren,syngasoline_conv,biogasoline;pkm_road_motorc_short_exo,pkm_road_motorc_long_exo,CO2
default;mob_road_scar_bev_pass;elec_ren,elec_conv;pkm_road_scar_short_exo,pkm_road_scar_long_exo
default;mob_road_scar_fcev_pass;hydrogen_ren,hydrogen_conv;pkm_road_scar_short_exo,pkm_road_scar_long_exo
default;mob_road_scar_hyb_pass_diesel;elec_ren,elec_conv,diesel,syndiesel_ren,syndiesel_conv,biodiesel;pkm_road_scar_short_exo,pkm_road_scar_long_exo,CO2
default;mob_road_scar_hyb_pass_gasoline;elec_ren,elec_conv,gasoline,syngasoline_ren,syngasoline_conv,biogasoline;pkm_road_scar_short_exo,pkm_road_scar_long_exo,CO2
default;mob_road_scar_ice_pass_cng;CNG;pkm_road_scar_short_exo,pkm_road_scar_long_exo,CO2
default;mob_road_scar_ice_pass_diesel;diesel,syndiesel_ren,syndiesel_conv,biodiesel;pkm_road_scar_short_exo,pkm_road_scar_long_exo,CO2
default;mob_road_scar_ice_pass_ethanol;ethanol,bioethanol;pkm_road_scar_short_exo,pkm_road_scar_long_exo,CO2
default;mob_road_scar_ice_pass_flex;gasoline,ethanol,bioethanol;pkm_road_scar_short_exo,pkm_road_scar_long_exo,CO2
default;mob_road_scar_ice_pass_gasoline;gasoline,syngasoline_ren,syngasoline_conv,biogasoline;pkm_road_scar_short_exo,pkm_road_scar_long_exo,CO2
default;mob_road_scar_ice_pass_hydrogen;hydrogen_ren,hydrogen_conv;pkm_road_scar_short_exo,pkm_road_scar_long_exo
default;mob_road_scar_ice_pass_lpg;LPG;pkm_road_scar_short_exo,pkm_road_scar_long_exo,CO2
default;mob_road_scar_ice_pass_methanol;methanol,biomethanol;pkm_road_scar_short_exo,pkm_road_scar_long_exo,CO2
default;mob_road_truck_fcev_frei_ag;hydrogen_ren,hydrogen_conv;tkm_road_truck_exo
default;mob_road_truck_ice_frei_ag;diesel,syndiesel_ren,syndiesel_conv,biodiesel,ethanol,bioethanol,hydrogen_ren,hydrogen_conv,CNG,LNG,LPG,gasoline,syngasoline_ren,syngasoline_conv,biogasoline,methanol,biomethanol;tkm_road_truck_exo,CO2
default;mob_road_truck_ice_frei_cng_ag;CNG;tkm_road_truck_exo,CO2
default;mob_road_truck_ice_frei_diesel_ag;diesel,syndiesel_ren,syndiesel_conv,biodiesel;tkm_road_truck_exo,CO2
default;mob_road_truck_ice_frei_ethanol_ag;ethanol,bioethanol;tkm_road_truck_exo,CO2
default;mob_road_truck_ice_frei_hydrogen_ag;hydrogen_ren,hydrogen_conv;tkm_road_truck_exo
default;mob_road_truck_ice_frei_lng_ag;LNG;tkm_road_truck_exo,CO2
default;mob_road_vehispec_ice_frei_diesel;diesel,syndiesel_ren,syndiesel_conv,biodiesel;tkm_agriculture_exo,CO2
default;mob_water_fcev_frei_ag;hydrogen_ren,hydrogen_conv;tkm_water_exo
default;mob_water_fcev_frei_ammonia_ag;ammonia_ren,ammonia_conv;tkm_water_exo
default;mob_water_fcev_frei_down;hydrogen_ren,hydrogen_conv;tkm_water_down_exo
default;mob_water_fcev_frei_down_ammonia;ammonia_ren,ammonia_conv;tkm_water_down_exo
default;mob_water_fcev_frei_up;hydrogen_ren,hydrogen_conv;tkm_water_up_exo
default;mob_water_fcev_frei_up_ammonia;ammonia_ren,ammonia_conv;tkm_water_up_exo
default;mob_water_ice_frei_ag;diesel,syndiesel_ren,syndiesel_conv,biodiesel;tkm_water_exo,CO2
default;mob_water_ice_frei_diesel_ag;diesel,syndiesel_ren,syndiesel_conv,biodiesel;tkm_water_exo,CO2
default;mob_water_ice_frei_down_diesel;diesel,syndiesel_ren,syndiesel_conv,biodiesel;tkm_water_down_exo,CO2
default;mob_water_ice_frei_down_ethanol;ethanol,bioethanol;tkm_water_down_exo,CO2
default;mob_water_ice_frei_down_hydrogen;hydrogen_ren,hydrogen_conv;tkm_water_down_exo
default;mob_water_ice_frei_down_lng;LNG;tkm_water_down_exo,CO2
default;mob_water_ice_frei_down_methanol;methanol,biomethanol;tkm_water_down_exo,CO2
default;mob_water_ice_frei_ethanol_ag;ethanol,bioethanol;tkm_water_exo,CO2
default;mob_water_ice_frei_hydrogen_ag;hydrogen_ren,hydrogen_conv;tkm_water_exo
default;mob_water_ice_frei_lng_ag;LNG;tkm_water_exo,CO2
default;mob_water_ice_frei_methanol_ag;methanol,biomethanol;tkm_water_exo,CO2
default;mob_water_ice_frei_up_diesel;diesel,syndiesel_ren,syndiesel_conv,biodiesel;tkm_water_up_exo,CO2
default;mob_water_ice_frei_up_ethanol;ethanol,bioethanol;tkm_water_up_exo,CO2
default;mob_water_ice_frei_up_hydrogen;hydrogen_ren,hydrogen_conv;tkm_water_up_exo
default;mob_water_ice_frei_up_lng;LNG;tkm_water_up_exo,CO2
default;mob_water_ice_frei_up_methanol;methanol,biomethanol;tkm_water_up_exo,CO2
default;pow_combustion_cc_ag;coal,biomass,waste,natgas,SNG_ren,SNG_conv,hydrogen_ren,hydrogen_conv,heating_oil;elec_ren,elec_conv,CO2
default;pow_combustion_cc_biomass;biomass;elec_ren
default;pow_combustion_cc_ccs_ag;coal,biomass,waste,natgas,SNG_ren,SNG_conv,hydrogen_ren,hydrogen_conv,heating_oil;elec_ren,CO2_neg,elec_conv,CO2
default;pow_combustion_cc_ccs_biomass;biomass;elec_ren,CO2_neg
default;pow_combustion_cc_ccs_coal;coal;elec_conv,CO2
default;pow_combustion_cc_ccs_heating_oil;heating_oil;elec_conv,CO2
default;pow_combustion_cc_ccs_natgas;natgas;elec_conv,CO2
default;pow_combustion_cc_ccs_sng;SNG_ren,SNG_conv;elec_ren,CO2_neg,elec_conv,CO2
default;pow_combustion_cc_ccs_waste;waste;elec_ren,CO2_neg,elec_conv,CO2
default;pow_combustion_cc_chp_ag;coal,biomass,waste,natgas,SNG_ren,SNG_conv,hydrogen_ren,hydrogen_conv,heating_oil;elec_ren,heat,elec_conv,CO2,heat
default;pow_combustion_cc_chp_biomass;biomass;elec_ren,heat
default;pow_combustion_cc_chp_ccs_ag;coal,biomass,waste,natgas,SNG_ren,SNG_conv,heating_oil;elec_ren,CO2_neg,heat,elec_conv,CO2,heat
default;pow_combustion_cc_chp_ccs_biomass;biomass;elec_ren,CO2_neg,heat
default;pow_combustion_cc_chp_ccs_coal;coal;elec_conv,CO2,heat
default;pow_combustion_cc_chp_ccs_heating_oil;heating_oil;elec_conv,CO2,heat
default;pow_combustion_cc_chp_ccs_natgas;natgas;elec_conv,CO2,heat
default;pow_combustion_cc_chp_ccs_sng;SNG_ren,SNG_conv;elec_ren,CO2_neg,heat,elec_conv,CO2,heat
default;pow_combustion_cc_chp_ccs_waste;waste;elec_ren,CO2_neg,heat,elec_conv,CO2,heat
default;pow_combustion_cc_chp_coal;coal;elec_conv,CO2,heat
default;pow_combustion_cc_chp_heating_oil;heating_oil;elec_conv,CO2,heat
default;pow_combustion_cc_chp_hydrogen;hydrogen_ren,hydrogen_conv;elec_ren,heat,elec_conv,heat
default;pow_combustion_cc_chp_natgas;natgas;elec_conv,CO2,heat
default;pow_combustion_cc_chp_sng;SNG_ren,SNG_conv;elec_ren,heat,elec_conv,CO2,heat
default;pow_combustion_cc_chp_waste;waste;elec_ren,heat,elec_conv,CO2,heat
default;pow_combustion_cc_coal;coal;elec_conv,CO2
default;pow_combustion_cc_heating_oil;heating_oil;elec_conv,CO2
default;pow_combustion_cc_hydrogen;hydrogen_ren,hydrogen_conv;elec_ren,elec_conv
default;pow_combustion_cc_natgas;natgas;elec_conv,CO2
default;pow_combustion_cc_sng;SNG_ren,SNG_conv;elec_ren,elec_conv,CO2
default;pow_combustion_cc_waste;waste;elec_ren,elec_conv,CO2
default;pow_combustion_gt_ag;biogas,natgas,SNG_ren,SNG_conv,hydrogen_ren,hydrogen_conv,heating_oil;elec_ren,elec_conv,CO2
default;pow_combustion_gt_biogas;biogas;elec_ren
default;pow_combustion_gt_ccs_ag;biogas,natgas,SNG_ren,SNG_conv,heating_oil;elec_ren,CO2_neg,elec_conv,CO2
default;pow_combustion_gt_ccs_biogas;biogas;elec_ren,CO2_neg
default;pow_combustion_gt_ccs_heating_oil;heating_oil;elec_conv,CO2
default;pow_combustion_gt_ccs_natgas;natgas;elec_conv,CO2
default;pow_combustion_gt_ccs_sng;SNG_ren,SNG_conv;elec_ren,CO2_neg,elec_conv,CO2
default;pow_combustion_gt_chp_ag;biogas,natgas,SNG_ren,SNG_conv,hydrogen_ren,hydrogen_conv,heating_oil;elec_ren,heat,elec_conv,CO2,heat
default;pow_combustion_gt_chp_biogas;biogas;elec_ren,heat
default;pow_combustion_gt_chp_ccs_ag;biogas,natgas,SNG_ren,SNG_conv,heating_oil;elec_ren,CO2_neg,heat,elec_conv,CO2,heat
default;pow_combustion_gt_chp_ccs_biogas;biogas;elec_ren,CO2_neg,heat
default;pow_combustion_gt_chp_ccs_heating_oil;heating_oil;elec_conv,CO2,heat
default;pow_combustion_gt_chp_ccs_hydrogen;hydrogen_ren,hydrogen_conv;elec_ren,heat,elec_conv,heat
default;pow_combustion_gt_chp_ccs_natgas;natgas;elec_conv,CO2,heat
default;pow_combustion_gt_chp_ccs_sng;SNG_ren,SNG_conv;elec_ren,CO2_neg,heat,elec_conv,CO2,heat
default;pow_combustion_gt_chp_heating_oil;heating_oil;elec_conv,CO2
default;pow_combustion_gt_chp_hydrogen;hydrogen_ren,hydrogen_conv;elec_ren,heat,elec_conv,heat
default;pow_combustion_gt_chp_natgas;natgas;elec_conv,CO2,heat
default;pow_combustion_gt_chp_sng;SNG_ren,SNG_conv;elec_ren,heat,elec_conv,CO2,heat
default;pow_combustion_gt_heating_oil;heating_oil;elec_conv,CO2
default;pow_combustion_gt_hydrogen;hydrogen_ren,hydrogen_conv;elec_ren,elec_conv
default;pow_combustion_gt_natgas;natgas;elec_conv,CO2
default;pow_combustion_gt_sng;SNG_ren,SNG_conv;elec_ren,elec_conv,CO2
default;pow_combustion_ic_ag;biogas,natgas,SNG_ren,SNG_conv,hydrogen_ren,hydrogen_conv,diesel,biodiesel,syngas_ren;elec_ren,elec_conv,CO2
default;pow_combustion_ic_biogas;biogas;elec_ren
default;pow_combustion_ic_ccs_ag;biogas,natgas,SNG_ren,SNG_conv,hydrogen_ren,hydrogen_conv,diesel,biodiesel,syngas_ren;elec_ren,elec_conv,CO2
default;pow_combustion_ic_ccs_biogas;biogas;elec_ren
default;pow_combustion_ic_ccs_diesel;diesel,biodiesel;elec_ren,CO2_neg,elec_conv,CO2
default;pow_combustion_ic_ccs_natgas;natgas;elec_conv,CO2
default;pow_combustion_ic_ccs_sng;SNG_ren,SNG_conv;elec_ren,CO2_neg,elec_conv,CO2
default;pow_combustion_ic_ccs_syngas;syngas_ren;elec_ren,CO2_neg
default;pow_combustion_ic_chp_ag;biogas,natgas,SNG_ren,SNG_conv,hydrogen_ren,hydrogen_conv,diesel,biodiesel,syngas_ren;elec_ren,heat,elec_conv,CO2,heat
default;pow_combustion_ic_chp_biogas;biogas;elec_ren,heat
default;pow_combustion_ic_chp_ccs_ag;biogas,natgas,SNG_ren,SNG_conv,diesel,biodiesel,syngas_ren;elec_ren,CO2_neg,heat,elec_conv,CO2,heat
default;pow_combustion_ic_chp_ccs_biogas;biogas;elec_ren,CO2_neg,heat
default;pow_combustion_ic_chp_ccs_diesel;diesel,biodiesel;elec_ren,CO2_neg,heat,elec_conv,CO2,heat
default;pow_combustion_ic_chp_ccs_natgas;natgas;elec_conv,CO2,heat
default;pow_combustion_ic_chp_ccs_sng;SNG_ren,SNG_conv;elec_ren,CO2_neg,heat,elec_conv,CO2,heat
default;pow_combustion_ic_chp_ccs_syngas;syngas_ren;elec_ren,CO2_neg,heat
default;pow_combustion_ic_chp_diesel;diesel,biodiesel;elec_ren,heat,elec_conv,CO2,heat
default;pow_combustion_ic_chp_hydrogen;hydrogen_ren,hydrogen_conv;elec_ren,heat,elec_conv,heat
default;pow_combustion_ic_chp_natgas;natgas;elec_conv,CO2,heat
default;pow_combustion_ic_chp_sng;SNG_ren,SNG_conv;elec_ren,heat,elec_conv,CO2,heat
default;pow_combustion_ic_chp_syngas;syngas_ren;elec_ren,heat
default;pow_combustion_ic_diesel;diesel,biodiesel;elec_ren,elec_conv,CO2
default;pow_combustion_ic_hydrogen;hydrogen_ren,hydrogen_conv;elec_ren,elec_conv
default;pow_combustion_ic_natgas;natgas;elec_conv,CO2
default;pow_combustion_ic_sng;SNG_ren,SNG_conv;elec_ren,elec_conv,CO2
default;pow_combustion_ic_syngas;syngas_ren;elec_ren
default;pow_combustion_st_ag;coal,biomass,waste,natgas,heating_oil;elec_ren,elec_conv,CO2
default;pow_combustion_st_biomass;biomass;elec_ren
default;pow_combustion_st_ccs_ag;coal,biomass,waste,natgas,heating_oil;elec_ren,CO2_neg,elec_conv,CO2
default;pow_combustion_st_ccs_biomass;biomass;elec_ren,CO2_neg
default;pow_combustion_st_ccs_coal;coal;elec_conv,CO2
default;pow_combustion_st_ccs_heating_oil;heating_oil;elec_conv,CO2
default;pow_combustion_st_ccs_natgas;natgas;elec_conv,CO2
default;pow_combustion_st_ccs_waste;waste;elec_ren,CO2_neg,elec_conv,CO2
default;pow_combustion_st_chp_ag;coal,biomass,waste,natgas,heating_oil;elec_ren,heat,elec_conv,CO2,heat
default;pow_combustion_st_chp_biomass;biomass;elec_ren,heat
default;pow_combustion_st_chp_ccs_ag;coal,biomass,waste,natgas,heating_oil;elec_ren,CO2_neg,heat,elec_conv,CO2,heat
default;pow_combustion_st_chp_ccs_biomass;biomass;elec_ren,CO2_neg,heat
default;pow_combustion_st_chp_ccs_coal;coal;elec_conv,CO2,heat
default;pow_combustion_st_chp_ccs_heating_oil;heating_oil;elec_conv,CO2,heat
default;pow_combustion_st_chp_ccs_natgas;natgas;elec_conv,CO2,heat
default;pow_combustion_st_chp_ccs_waste;waste;elec_ren,CO2_neg,heat,elec_conv,CO2,heat
default;pow_combustion_st_chp_coal;coal;elec_conv,CO2,heat
default;pow_combustion_st_chp_heating_oil;heating_oil;elec_conv,CO2,heat
default;pow_combustion_st_chp_natgas;natgas;elec_conv,CO2,heat
default;pow_combustion_st_chp_waste;waste;elec_ren,heat,elec_conv,CO2,heat
default;pow_combustion_st_coal;coal;elec_conv,CO2
default;pow_combustion_st_heating_oil;heating_oil;elec_conv,CO2
default;pow_combustion_st_natgas;natgas;elec_conv,CO2
default;pow_combustion_st_waste;waste;elec_ren,elec_conv,CO2
default;pow_geothermal_orc;geothermal_heat;elec_ren
ceff_spaceheat;pow_geothermal_orc_chp;geothermal_heat;heat
ceff_waterheat;pow_geothermal_orc_chp;geothermal_heat;elec_ren
default;pow_geothermal_orc_chp;geothermal_heat;elec_ren,heat
default;pow_geothermal_st;geothermal_heat;elec_ren
default;pow_geothermal_st_chp;geothermal_heat;elec_ren,heat
default;pow_hydro_pond;hydro_energy;elec_ren
default;pow_hydro_ror;hydro_energy;elec_ren
default;pow_hydro_ror,pond;hydro_energy;elec_ren
default;pow_nuclear_fis;uran;elec_ren
default;pow_nuclear_fus;deuterium;elec_ren
default;pow_photovoltaic_cts_faca;solar_radiation;elec_ren
default;pow_photovoltaic_cts_roof;solar_radiation;elec_ren
default;pow_photovoltaic_fiel_gm;solar_radiation;elec_ren
default;pow_photovoltaic_hh_balc;solar_radiation;elec_ren
default;pow_photovoltaic_hh_faca;solar_radiation;elec_ren
default;pow_photovoltaic_hh_roof;solar_radiation;elec_ren
default;pow_photovoltaic_ind_roof;solar_radiation;elec_ren
default;pow_storage_cts;elec;elec_ren,elec_conv
default;pow_storage_hh;elec;elec_ren,elec_conv
default;pow_storage_hydr;elec;elec_ren,elec_conv
default;pow_storage_hydr_closed_loop;elec;elec_ren,elec_conv
default;pow_storage_hydr_open_loop;elec;elec_ren,elec_conv
default;pow_storage_ind;elec;elec_ren,elec_conv
default;pow_storage_util;elec;elec_ren,elec_conv
default;pow_wind-turbine_off_fb;wind_energy_off;elec_ren
default;pow_wind-turbine_off_fl;wind_energy_off;elec_ren
default;pow_wind-turbine_on;wind_energy_on;elec_ren
default;x2x_export;elec_ren,elec_conv,hydrogen_ren,hydrogen_conv,natgas,SNG_ren,SNG_conv,biogas,diesel,syndiesel_ren,syndiesel_conv,gasoline,syngasoline_ren,syngasoline_conv,heating_oil,ammonia_ren,ammonia_conv,methanol,coal,crude_oil,biomass;
default;x2x_g2p_afc_ls;hydrogen_ren,hydrogen_conv,heat_low;elec_ren,elec_conv
default;x2x_g2p_pemfc_ls;hydrogen_ren,hydrogen_conv,heat_low;elec_ren,elec_conv
default;x2x_g2p_sofc_ls;hydrogen_ren,hydrogen_conv,heat_high;elec_ren,elec_conv
default;x2x_import;;elec_ren,elec_conv,hydrogen_ren,hydrogen_conv,natgas,SNG_ren,SNG_conv,biogas,diesel,syndiesel_ren,syndiesel_conv,gasoline,syngasoline_ren,syngasoline_conv,heating_oil,ammonia_ren,ammonia_conv,methanol,coal,crude_oil,biomass
default;x2x_other_daccs;elec_ren,elec_conv,heat_high;CO2
default;x2x_p2gas_aec;elec_ren,elec_conv,heat_low;hydrogen_ren,hydrogen_conv
default;x2x_p2gas_bioem;elec_ren,elec_conv;SNG_ren
default;x2x_p2gas_biom;elec_ren,elec_conv;SNG_ren
default;x2x_p2gas_pemec;elec_ren,elec_conv,heat_low;hydrogen_ren,hydrogen_conv
default;x2x_p2gas_sabm;elec_ren,elec_conv,heat_high;SNG_ren
default;x2x_p2gas_soec;elec_ren,elec_conv,heat_high;hydrogen_ren,hydrogen_conv
default;x2x_p2heat_eb;elec_ren,elec_conv;heat_high,heat_low
default;x2x_p2heat_hpl;elec_ren,elec_conv;heat_low,hot_water
default;x2x_storage_gas;biogas,natgas,SNG_ren,SNG_conv,hydrogen_ren,hydrogen_conv;biogas,natgas,SNG_ren,SNG_conv,hydrogen_ren,hydrogen_conv
default;x2x_x2gas_mpyr;natgas,biogas,SNG_ren,SNG_conv;hydrogen_ren,hydrogen_conv
default;x2x_x2gas_sr;natgas,biogas,SNG_ren,SNG_conv;hydrogen_ren,hydrogen_conv
default;x2x_x2liquid_ft;syngas_ren,syngas_conv;syndiesel_ren,syndiesel_conv,syngasoline_ren,syngasoline_conv,synkerosene_ren,synkerosene_conv
default;x2x_x2liquid_oref;crude_oil;heating_oil,gasoline,diesel,kerosene
